Channel Id,Channel Url,Channel Title
UC8LeXCWOalN8SxlrPcG-PaQ,http://www.youtube.com/channel/UC8LeXCWOalN8SxlrPcG-PaQ,midudev
UCDjI4dTNG5tjgPDCA2c6XYQ,http://www.youtube.com/channel/UCDjI4dTNG5tjgPDCA2c6XYQ,NeoSamurai
UC7uWVLTCsAZGe7ME3-ds6ww,http://www.youtube.com/channel/UC7uWVLTCsAZGe7ME3-ds6ww,Jonatan Castro
UCl5-lvQyfILb-l2abPk4Ntg,http://www.youtube.com/channel/UCl5-lvQyfILb-l2abPk4Ntg,Inteligencia Artificial
UCqxgy3wHdifia4l1lz0vEjA,http://www.youtube.com/channel/UCqxgy3wHdifia4l1lz0vEjA,IA para empresas - Rubén García
UCrBzBOMcUVV8ryyAU_c6P5g,http://www.youtube.com/channel/UCrBzBOMcUVV8ryyAU_c6P5g,Pelado Nerd
UC9IKtxn9AIGelnYmwYr0Lxw,http://www.youtube.com/channel/UC9IKtxn9AIGelnYmwYr0Lxw,CodelyTV - Redescubre la programación
UCGn6BqOTYWAutJOf9cry-pw,http://www.youtube.com/channel/UCGn6BqOTYWAutJOf9cry-pw,AlehandoroVR
UC8679JjreNLfSCgA-2Fb4kA,http://www.youtube.com/channel/UC8679JjreNLfSCgA-2Fb4kA,SpineCard
UC9eM3jqq5IfxbGHbuRR_jRw,http://www.youtube.com/channel/UC9eM3jqq5IfxbGHbuRR_jRw,Sfdx Show
UCewluu5y7lA4QnXBJa_AbwQ,http://www.youtube.com/channel/UCewluu5y7lA4QnXBJa_AbwQ,Mundo Yakara
UCGVV7cercl9hlpQV-yaVZww,http://www.youtube.com/channel/UCGVV7cercl9hlpQV-yaVZww,CELL RFAW
UC36xmz34q02JYaZYKrMwXng,http://www.youtube.com/channel/UC36xmz34q02JYaZYKrMwXng,Nate Gentile
UCL_QvUUeriC6q610RCXDlSQ,http://www.youtube.com/channel/UCL_QvUUeriC6q610RCXDlSQ,ELECTRONOOBS en Español
UChNjKomUc1P4v5KfNDfyk4A,http://www.youtube.com/channel/UChNjKomUc1P4v5KfNDfyk4A,Toro Tocho Reviews
UCi_e1gB9PYjr1OTY_W0hY3g,http://www.youtube.com/channel/UCi_e1gB9PYjr1OTY_W0hY3g,Paradigma Digital
UCgFlDdSvLA9GyV6AOHmv14w,http://www.youtube.com/channel/UCgFlDdSvLA9GyV6AOHmv14w,River
UCGfKISiN7usAdxvcGivm_OA,http://www.youtube.com/channel/UCGfKISiN7usAdxvcGivm_OA,Pabpereza
UC2zp7AWsYhZaGmYTjP8hZ7A,http://www.youtube.com/channel/UC2zp7AWsYhZaGmYTjP8hZ7A,Un loco y su tecnología
UCkuvibRmQebYFeuAgQJK38w,http://www.youtube.com/channel/UCkuvibRmQebYFeuAgQJK38w,GCtech • Guillem Cortés